{
    "sfm_data_version": "0.3",
    "root_path": "F:/ChubacAppV1.0.0/example_data/pl03_chubacapp/low_res",
    "views": [
        {
            "key": 0,
            "value": {
                "polymorphic_id": 1073741824,
                "ptr_wrapper": {
                    "id": 2147483649,
                    "data": {
                        "local_path": "",
                        "filename": "20190404T040808.826276Z.jpg",
                        "width": 2449,
                        "height": 1633,
                        "id_view": 0,
                        "id_intrinsic": 0,
                        "id_pose": 0
                    }
                }
            }
        },
        {
            "key": 9,
            "value": {
                "polymorphic_id": 1,
                "ptr_wrapper": {
                    "id": 2147483658,
                    "data": {
                        "local_path": "",
                        "filename": "20190404T040835.714750Z.jpg",
                        "width": 2449,
                        "height": 1633,
                        "id_view": 9,
                        "id_intrinsic": 0,
                        "id_pose": 9,
                        "use_pose_center_prior": true,
                        "center_weight": [
                            0.1111111111111111,
                            0.1111111111111111,
                            4.0
                        ],
                        "center": [
                            1.3834154844722026,
                            -0.3785863767112299,
                            -0.7500001619137662
                        ]
                    }
                }
            }
        },
        {
            "key": 19,
            "value": {
                "polymorphic_id": 1,
                "ptr_wrapper": {
                    "id": 2147483668,
                    "data": {
                        "local_path": "",
                        "filename": "20190404T040905.825262Z.jpg",
                        "width": 2449,
                        "height": 1633,
                        "id_view": 19,
                        "id_intrinsic": 0,
                        "id_pose": 19,
                        "use_pose_center_prior": true,
                        "center_weight": [
                            0.1111111111111111,
                            0.1111111111111111,
                            4.0
                        ],
                        "center": [
                            4.129598784865369,
                            -0.14944251680580128,
                            -0.3400013404942472
                        ]
                    }
                }
            }
        },
        {
            "key": 26,
            "value": {
                "polymorphic_id": 1,
                "ptr_wrapper": {
                    "id": 2147483675,
                    "data": {
                        "local_path": "",
                        "filename": "20190404T040926.675090Z.jpg",
                        "width": 2449,
                        "height": 1633,
                        "id_view": 26,
                        "id_intrinsic": 0,
                        "id_pose": 26,
                        "use_pose_center_prior": true,
                        "center_weight": [
                            0.1111111111111111,
                            0.1111111111111111,
                            4.0
                        ],
                        "center": [
                            6.80351474372401,
                            0.06973813046100248,
                            0.2699963704332057
                        ]
                    }
                }
            }
        },
        {
            "key": 32,
            "value": {
                "polymorphic_id": 1,
                "ptr_wrapper": {
                    "id": 2147483681,
                    "data": {
                        "local_path": "",
                        "filename": "20190404T040944.980125Z.jpg",
                        "width": 2449,
                        "height": 1633,
                        "id_view": 32,
                        "id_intrinsic": 0,
                        "id_pose": 32,
                        "use_pose_center_prior": true,
                        "center_weight": [
                            0.1111111111111111,
                            0.1111111111111111,
                            4.0
                        ],
                        "center": [
                            9.632290951565784,
                            0.09851808649580325,
                            0.7399927256308825
                        ]
                    }
                }
            }
        }
    ],
    "intrinsics": [
        {
            "key": 0,
            "value": {
                "polymorphic_id": 2147483650,
                "polymorphic_name": "pinhole_radial_k3",
                "ptr_wrapper": {
                    "id": 2147483686,
                    "data": {
                        "width": 2449,
                        "height": 1633,
                        "focal_length": 2725.4138498559128,
                        "principal_point": [
                            1228.8049572039108,
                            806.446462343603
                        ],
                        "disto_k3": [
                            0.1107368625191251,
                            0.11505633043488796,
                            -0.04428006534276232
                        ]
                    }
                }
            }
        }
    ],
    "extrinsics": [
        {
            "key": 0,
            "value": {
                "rotation": [
                    [
                        -0.04389020807252786,
                        -0.9990246067146618,
                        0.004846113284410108
                    ],
                    [
                        -0.9988780543736226,
                        0.043796385804360405,
                        -0.0180141355951794
                    ],
                    [
                        0.01778432248122303,
                        -0.005631320368324887,
                        -0.9998259879122933
                    ]
                ],
                "center": [
                    -1.1513730848388102,
                    0.04035757820826179,
                    -0.2953339495085407
                ]
            }
        },
        {
            "key": 9,
            "value": {
                "rotation": [
                    [
                        -0.04468055788394365,
                        -0.9989695995590354,
                        0.007961589291098487
                    ],
                    [
                        -0.9982173853516502,
                        0.044328416524604064,
                        -0.03996302128389026
                    ],
                    [
                        0.03956891872284342,
                        -0.009732966931096163,
                        -0.9991694400980362
                    ]
                ],
                "center": [
                    1.4045302670078663,
                    -0.3484315910494325,
                    -0.7117961006991033
                ]
            }
        },
        {
            "key": 19,