{"otus2": {"optical_camera_matrix": [[6600, 0, 3032], [0, 6600, 1986], [0, 0, 1]], "dist_coeff": [0.0694682, 0.108887, 0, 0, -0.091225], "resolution": [6000, 4000]}, "victorHD": {"optical_camera_matrix": [[1424.89, 0, 960], [0, 1424.89, 540], [0, 0, 1]], "dist_coeff": [-0.09118, 0.11311, -0.00404, 0, 0], "resolution": [1920, 1080]}}